Workbook

Sheet Master list
A1: UBCO Heat vs Regina · first half · master list from handwritten notes
A2: Yellow rows need a look. Fix a row by changing the notes and telling me, or by editing the play in the app after import. Stat columns add up on the Totals sheet.
A3: # | B3: Page | C3: Period | D3: Video time | E3: Player | F3: As written in the notes | G3: Booked as | H3: Check | I3: PTS | J3: FGM | K3: FGA | L3: 3PM | M3: 3PA | N3: FTM | O3: FTA | P3: OREB | Q3: DREB | R3: AST | S3: STL | T3: BLK | U3: TOV | V3: PF | W3: HVP
A4: 1 | B4: 1 | C4: Q1 | D4: 0:06 | E4: Mathias Schertzer | F4: [top line cut off by scan] … MADE & PAINT TOUCH BEFORE | G4: 2PT make | I4: 2 | J4: 1 | K4: 1 | L4: 0 | M4: 0 | N4: 0 | O4: 0 | P4: 0 | Q4: 0 | R4: 0 | S4: 0 | T4: 0 | U4: 0 | V4: 0 | W4: 0
A5: 2 | B5: 1 | C5: Q1 | D5: 0:06 | E5: Mathias Schertzer | F5: PAINT TOUCH BEFORE | G5: Paint touch | I5: 0 | J5: 0 | K5: 0 | L5: 0 | M5: 0 | N5: 0 | O5: 0 | P5: 0 | Q5: 0 | R5: 0 | S5: 0 | T5: 0 | U5: 0 | V5: 0 | W5: 2
A6: 3 | B6: 1 | C6: Q1 | D6: 0:06 | E6: Enrique Garcia | F6: ASSIST | G6: Assist | I6: 0 | J6: 0 | K6: 0 | L6: 0 | M6: 0 | N6: 0 | O6: 0 | P6: 0 | Q6: 0 | R6: 1 | S6: 0 | T6: 0 | U6: 0 | V6: 0 | W6: 0
A7: 4 | B7: 1 | C7: Q1 | D7: 0:06 | E7: Enrique Garcia | F7: RIGHT READ | G7: Right read | I7: 0 | J7: 0 | K7: 0 | L7: 0 | M7: 0 | N7: 0 | O7: 0 | P7: 0 | Q7: 0 | R7: 0 | S7: 0 | T7: 0 | U7: 0 | V7: 0 | W7: 1
A8: 5 | B8: 1 | C8: Q1 | D8: 0:15 | E8: Isaak Moore | F8: YOU | G8: YOU | H8: Written as :015 | I8: 0 | J8: 0 | K8: 0 | L8: 0 | M8: 0 | N8: 0 | O8: 0 | P8: 0 | Q8: 0 | R8: 0 | S8: 0 | T8: 0 | U8: 0 | V8: 0 | W8: 1
A9: 6 | B9: 1 | C9: Q1 | D9: 0:45 | E9: Lamine Conde | F9: MISSED 2 & PAINT TOUCH BEFORE | G9: 2PT miss | I9: 0 | J9: 0 | K9: 1 | L9: 0 | M9: 0 | N9: 0 | O9: 0 | P9: 0 | Q9: 0 | R9: 0 | S9: 0 | T9: 0 | U9: 0 | V9: 0 | W9: 0
A10: 7 | B10: 1 | C10: Q1 | D10: 0:45 | E10: Lamine Conde | F10: (paint touch before) | G10: Paint touch | I10: 0 | J10: 0 | K10: 0 | L10: 0 | M10: 0 | N10: 0 | O10: 0 | P10: 0 | Q10: 0 | R10: 0 | S10: 0 | T10: 0 | U10: 0 | V10: 0 | W10: 2
A11: 8 | B11: 1 | C11: Q1 | D11: 0:50 | E11: Tylen Lewis | F11: TIP | G11: Tip | I11: 0 | J11: 0 | K11: 0 | L11: 0 | M11: 0 | N11: 0 | O11: 0 | P11: 0 | Q11: 0 | R11: 0 | S11: 0 | T11: 0 | U11: 0 | V11: 0 | W11: 1
A12: 9 | B12: 1 | C12: Q1 | D12: 1:17 | E12: Isaak Moore | F12: MISSED THREE | G12: 3PT miss | I12: 0 | J12: 0 | K12: 1 | L12: 0 | M12: 1 | N12: 0 | O12: 0 | P12: 0 | Q12: 0 | R12: 0 | S12: 0 | T12: 0 | U12: 0 | V12: 0 | W12: 0
A13: 10 | B13: 1 | C13: Q1 | D13: 1:25 | E13: Enrique Garcia | F13: WALL UP | G13: WallUp | I13: 0 | J13: 0 | K13: 0 | L13: 0 | M13: 0 | N13: 0 | O13: 0 | P13: 0 | Q13: 0 | R13: 0 | S13: 0 | T13: 0 | U13: 0 | V13: 0 | W13: 1
A14: 11 | B14: 1 | C14: Q1 | D14: 2:36 | E14: Enrique Garcia | F14: RIGHT READ | G14: Right read | I14: 0 | J14: 0 | K14: 0 | L14: 0 | M14: 0 | N14: 0 | O14: 0 | P14: 0 | Q14: 0 | R14: 0 | S14: 0 | T14: 0 | U14: 0 | V14: 0 | W14: 1
A15: 12 | B15: 1 | C15: Q1 | D15: 2:41 | E15: Lamine Conde | F15: PAINT TOUCH | G15: Paint touch | I15: 0 | J15: 0 | K15: 0 | L15: 0 | M15: 0 | N15: 0 | O15: 0 | P15: 0 | Q15: 0 | R15: 0 | S15: 0 | T15: 0 | U15: 0 | V15: 0 | W15: 2
A16: 13 | B16: 1 | C16: Q1 | D16: 2:45 | E16: Lamine Conde | F16: UPCYCLE | G16: Upcycle | I16: 0 | J16: 0 | K16: 0 | L16: 0 | M16: 0 | N16: 0 | O16: 0 | P16: 0 | Q16: 0 | R16: 0 | S16: 0 | T16: 0 | U16: 0 | V16: 0 | W16: 1
A17: 14 | B17: 1 | C17: Q1 | D17: 2:48 | E17: Isaak Moore | F17: UPCYCLE | G17: Upcycle | I17: 0 | J17: 0 | K17: 0 | L17: 0 | M17: 0 | N17: 0 | O17: 0 | P17: 0 | Q17: 0 | R17: 0 | S17: 0 | T17: 0 | U17: 0 | V17: 0 | W17: 1
A18: 15 | B18: 1 | C18: Q1 | D18: 2:51 | E18: Lamine Conde | F18: MISSED 3 + RIGHT READ | G18: 3PT miss | I18: 0 | J18: 0 | K18: 1 | L18: 0 | M18: 1 | N18: 0 | O18: 0 | P18: 0 | Q18: 0 | R18: 0 | S18: 0 | T18: 0 | U18: 0 | V18: 0 | W18: 0
A19: 16 | B19: 1 | C19: Q1 | D19: 2:51 | E19: Lamine Conde | F19: (+ right read) | G19: Right read | I19: 0 | J19: 0 | K19: 0 | L19: 0 | M19: 0 | N19: 0 | O19: 0 | P19: 0 | Q19: 0 | R19: 0 | S19: 0 | T19: 0 | U19: 0 | V19: 0 | W19: 1
A20: 17 | B20: 1 | C20: Q1 | D20: 2:53 | E20: Enrique Garcia | F20: PURSUIT | G20: Pursuit | I20: 0 | J20: 0 | K20: 0 | L20: 0 | M20: 0 | N20: 0 | O20: 0 | P20: 0 | Q20: 0 | R20: 0 | S20: 0 | T20: 0 | U20: 0 | V20: 0 | W20: 2
... A26: 23 | B26: 1 | C26: Q1 | D26: 4:20 | E26: Lamine Conde | F26: PAINT TOUCH IN 6 | G26: Paint touch in 6 | I26: 0 | J26: 0 | K26: 0 | L26: 0 | M26: 0 | N26: 0 | O26: 0 | P26: 0 | Q26: 0 | R26: 0 | S26: 0 | T26: 0 | U26: 0 | V26: 0 | W26: 3
A27: 24 | B27: 1 | C27: Q1 | D27: 4:24 | E27: Lamine Conde | F27: TURNOVER | G27: Turnover (type not given) | H27: Turnover type not written | I27: 0 | J27: 0 | K27: 0 | L27: 0 | M27: 0 | N27: 0 | O27: 0 | P27: 0 | Q27: 0 | R27: 0 | S27: 0 | T27: 0 | U27: 1 | V27: 0 | W27: 0
A28: 25 | B28: 2 | C28: Q1 | D28: 4:57 | E28: Michael Adarkwah Nti | F28: PAINT TOUCH | G28: Paint touch | I28: 0 | J28: 0 | K28: 0 | L28: 0 | M28: 0 | N28: 0 | O28: 0 | P28: 0 | Q28: 0 | R28: 0 | S28: 0 | T28: 0 | U28: 0 | V28: 0 | W28: 2
A29: 26 | B29: 2 | C29: Q1 | D29: 4:58 | E29: Michael Adarkwah Nti | F29: RIGHT READ | G29: Right read | I29: 0 | J29: 0 | K29: 0 | L29: 0 | M29: 0 | N29: 0 | O29: 0 | P29: 0 | Q29: 0 | R29: 0 | S29: 0 | T29: 0 | U29: 0 | V29: 0 | W29: 1
A30: 27 | B30: 2 | C30: Q1 | D30: 4:59 | E30: Michael Adarkwah Nti | F30: ASSIST | G30: Assist | I30: 0 | J30: 0 | K30: 0 | L30: 0 | M30: 0 | N30: 0 | O30: 0 | P30: 0 | Q30: 0 | R30: 1 | S30: 0 | T30: 0 | U30: 0 | V30: 0 | W30: 0
A31: 28 | B31: 2 | C31: Q1 | D31: 5:00 | E31: Tylen Lewis | F31: MADE 2 | G31: 2PT make | I31: 2 | J31: 1 | K31: 1 | L31: 0 | M31: 0 | N31: 0 | O31: 0 | P31: 0 | Q31: 0 | R31: 0 | S31: 0 | T31: 0 | U31: 0 | V31: 0 | W31: 0
A32: 29 | B32: 2 | C32: Q1 | D32: 5:11 | E32: Michael Adarkwah Nti | F32: YOU | G32: YOU | I32: 0 | J32: 0 | K32: 0 | L32: 0 | M32: 0 | N32: 0 | O32: 0 | P32: 0 | Q32: 0 | R32: 0 | S32: 0 | T32: 0 | U32: 0 | V32: 0 | W32: 1
A33: 30 | B33: 2 | C33: Q1 | D33: 5:15 | E33: Mathias Schertzer | F33: YOU | G33: YOU | I33: 0 | J33: 0 | K33: 0 | L33: 0 | M33: 0 | N33: 0 | O33: 0 | P33: 0 | Q33: 0 | R33: 0 | S33: 0 | T33: 0 | U33: 0 | V33: 0 | W33: 1
A34: 31 | B34: 2 | C34: Q1 | D34: 5:20 | E34: Mathias Schertzer | F34: YOU | G34: YOU | I34: 0 | J34: 0 | K34: 0 | L34: 0 | M34: 0 | N34: 0 | O34: 0 | P34: 0 | Q34: 0 | R34: 0 | S34: 0 | T34: 0 | U34: 0 | V34: 0 | W34: 1
A35: 32 | B35: 2 | C35: Q1 | D35: 5:40 | E35: Isaak Moore | F35: RIGHT READ | G35: Right read | I35: 0 | J35: 0 | K35: 0 | L35: 0 | M35: 0 | N35: 0 | O35: 0 | P35: 0 | Q35: 0 | R35: 0 | S35: 0 | T35: 0 | U35: 0 | V35: 0 | W35: 1
A36: 33 | B36: 2 | C36: Q1 | D36: 5:44 | E36: Lamine Conde | F36: RIGHT READ | G36: Right read | I36: 0 | J36: 0 | K36: 0 | L36: 0 | M36: 0 | N36: 0 | O36: 0 | P36: 0 | Q36: 0 | R36: 0 | S36: 0 | T36: 0 | U36: 0 | V36: 0 | W36: 1
A37: 34 | B37: 2 | C37: Q1 | D37: 5:46 | E37: Tylen Lewis | F37: MISSED THREE | G37: 3PT miss | I37: 0 | J37: 0 | K37: 1 | L37: 0 | M37: 1 | N37: 0 | O37: 0 | P37: 0 | Q37: 0 | R37: 0 | S37: 0 | T37: 0 | U37: 0 | V37: 0 | W37: 0
A38: 35 | B38: 2 | C38: Q1 | D38: 7:42 | E38: Mathias Schertzer | F38: UPCYCLE or RIGHT READ | G38: Upcycle | I38: 0 | J38: 0 | K38: 0 | L38: 0 | M38: 0 | N38: 0 | O38: 0 | P38: 0 | Q38: 0 | R38: 0 | S38: 0 | T38: 0 | U38: 0 | V38: 0 | W38: 1
A39: 36 | B39: 2 | C39: Q1 | D39: 7:43 | E39: Michael Adarkwah Nti | F39: PAINT TOUCH | G39: Paint touch | I39: 0 | J39: 0 | K39: 0 | L39: 0 | M39: 0 | N39: 0 | O39: 0 | P39: 0 | Q39: 0 | R39: 0 | S39: 0 | T39: 0 | U39: 0 | V39: 0 | W39: 2
... A42: 39 | B42: 2 | C42: Q1 | D42: 8:14 | E42: Lamine Conde | F42: MISSED TWO | G42: 2PT miss | I42: 0 | J42: 0 | K42: 1 | L42: 0 | M42: 0 | N42: 0 | O42: 0 | P42: 0 | Q42: 0 | R42: 0 | S42: 0 | T42: 0 | U42: 0 | V42: 0 | W42: 0
A43: 40 | B43: 2 | C43: Q1 | D43: 8:14 | E43: Anthony Brady | F43: TIP | G43: Tip | H43: A name before Anthony is crossed out | I43: 0 | J43: 0 | K43: 0 | L43: 0 | M43: 0 | N43: 0 | O43: 0 | P43: 0 | Q43: 0 | R43: 0 | S43: 0 | T43: 0 | U43: 0 | V43: 0 | W43: 1
A44: 41 | B44: 2 | C44: Q1 | D44: 8:14 | E44: Mathias Schertzer | F44: O-BOARD | G44: Off. rebound | I44: 0 | J44: 0 | K44: 0 | L44: 0 | M44: 0 | N44: 0 | O44: 0 | P44: 1 | Q44: 0 | R44: 0 | S44: 0 | T44: 0 | U44: 0 | V44: 0 | W44: 3
A45: 42 | B45: 2 | C45: Q1 | D45: 8:14 | E45: Mathias Schertzer | F45: PAINT TOUCH | G45: Paint touch | I45: 0 | J45: 0 | K45: 0 | L45: 0 | M45: 0 | N45: 0 | O45: 0 | P45: 0 | Q45: 0 | R45: 0 | S45: 0 | T45: 0 | U45: 0 | V45: 0 | W45: 2
A46: 43 | B46: 2 | C46: Q1 | D46: 8:17 | E46: Mathias Schertzer | F46: MISSED TWO | G46: 2PT miss | I46: 0 | J46: 0 | K46: 1 | L46: 0 | M46: 0 | N46: 0 | O46: 0 | P46: 0 | Q46: 0 | R46: 0 | S46: 0 | T46: 0 | U46: 0 | V46: 0 | W46: 0
A47: 44 | B47: 2 | C47: Q1 | D47: 8:19 | E47: Anthony Brady | F47: O-BOARD | G47: Off. rebound | I47: 0 | J47: 0 | K47: 0 | L47: 0 | M47: 0 | N47: 0 | O47: 0 | P47: 1 | Q47: 0 | R47: 0 | S47: 0 | T47: 0 | U47: 0 | V47: 0 | W47: 3
A48: 45 | B48: 2 | C48: Q1 | D48: 8:20 | E48: Anthony Brady | F48: RIGHT READ | G48: Right read | I48: 0 | J48: 0 | K48: 0 | L48: 0 | M48: 0 | N48: 0 | O48: 0 | P48: 0 | Q48: 0 | R48: 0 | S48: 0 | T48: 0 | U48: 0 | V48: 0 | W48: 1
A49: 46 | B49: 2 | C49: Q1 | D49: 8:21 | E49: Anthony Brady | F49: PAINT TOUCH | G49: Paint touch | I49: 0 | J49: 0 | K49: 0 | L49: 0 | M49: 0 | N49: 0 | O49: 0 | P49: 0 | Q49: 0 | R49: 0 | S49: 0 | T49: 0 | U49: 0 | V49: 0 | W49: 2
A50: 47 | B50: 2 | C50: Q1 | D50: 8:40 | E50: Anthony Brady | F50: MADE FT | G50: FT make | I50: 1 | J50: 0 | K50: 0 | L50: 0 | M50: 0 | N50: 1 | O50: 1 | P50: 0 | Q50: 0 | R50: 0 | S50: 0 | T50: 0 | U50: 0 | V50: 0 | W50: 0
A51: 48 | B51: 2 | C51: Q1 | D51: 8:53 | E51: Anthony Brady | F51: MADE FT (missed FT crossed out) | G51: FT make | H51: Corrected in the notes from missed FT to made FT | I51: 1 | J51: 0 | K51: 0 | L51: 0 | M51: 0 | N51: 1 | O51: 1 | P51: 0 | Q51: 0 | R51: 0 | S51: 0 | T51: 0 | U51: 0 | V51: 0 | W51: 0
A52: 49 | B52: 3 | C52: Q1 | D52: 9:02 | E52: Anthony Brady | F52: YOU | G52: YOU | I52: 0 | J52: 0 | K52: 0 | L52: 0 | M52: 0 | N52: 0 | O52: 0 | P52: 0 | Q52: 0 | R52: 0 | S52: 0 | T52: 0 | U52: 0 | V52: 0 | W52: 1
A53: 50 | B53: 3 | C53: Q1 | D53: 9:26 | E53: Mathias Schertzer | F53: RIGHT READ | G53: Right read | I53: 0 | J53: 0 | K53: 0 | L53: 0 | M53: 0 | N53: 0 | O53: 0 | P53: 0 | Q53: 0 | R53: 0 | S53: 0 | T53: 0 | U53: 0 | V53: 0 | W53: 1
A54: 51 | B54: 3 | C54: Q1 | D54: 9:27 | E54: Michael Adarkwah Nti | F54: PAINT TOUCH | G54: Paint touch | I54: 0 | J54: 0 | K54: 0 | L54: 0 | M54: 0 | N54: 0 | O54: 0 | P54: 0 | Q54: 0 | R54: 0 | S54: 0 | T54: 0 | U54: 0 | V54: 0 | W54: 2
A55: 52 | B55: 3 | C55: Q1 | D55: 9:30 | E55: Michael Adarkwah Nti | F55: MADE 2 | G55: 2PT make | I55: 2 | J55: 1 | K55: 1 | L55: 0 | M55: 0 | N55: 0 | O55: 0 | P55: 0 | Q55: 0 | R55: 0 | S55: 0 | T55: 0 | U55: 0 | V55: 0 | W55: 0
A56: 53 | B56: 3 | C56: Q1 | D56: 10:06 | E56: Michael Adarkwah Nti | F56: MADE FT | G56: FT make | I56: 1 | J56: 0 | K56: 0 | L56: 0 | M56: 0 | N56: 1 | O56: 1 | P56: 0 | Q56: 0 | R56: 0 | S56: 0 | T56: 0 | U56: 0 | V56: 0 | W56: 0
A57: 54 | B57: 3 | C57: Q1 | D57: 10:23 | E57: Ty Lockwood | F57: STEAL | G57: Steal | H57: Another name crossed out; Ty written over it | I57: 0 | J57: 0 | K57: 0 | L57: 0 | M57: 0 | N57: 0 | O57: 0 | P57: 0 | Q57: 0 | R57: 0 | S57: 1 | T57: 0 | U57: 0 | V57: 0 | W57: 3
A58: 55 | B58: 3 | C58: Q1 | D58: 10:28 | E58: Ty Lockwood | F58: DOUBLE DRIBBLE TO | G58: Turnover (Violation, Dead) | I58: 0 | J58: 0 | K58: 0 | L58: 0 | M58: 0 | N58: 0 | O58: 0 | P58: 0 | Q58: 0 | R58: 0 | S58: 0 | T58: 0 | U58: 1 | V58: 0 | W58: 0
A59: 56 | B59: 3 | C59: Q1 | D59: 10:50 | E59: Michael Adarkwah Nti | F59: STEAL | G59: Steal | I59: 0 | J59: 0 | K59: 0 | L59: 0 | M59: 0 | N59: 0 | O59: 0 | P59: 0 | Q59: 0 | R59: 0 | S59: 1 | T59: 0 | U59: 0 | V59: 0 | W59: 3
A60: 57 | B60: 3 | C60: Q1 | D60: 10:51 | E60: Anthony Brady | F60: RIGHT READ | G60: Right read | I60: 0 | J60: 0 | K60: 0 | L60: 0 | M60: 0 | N60: 0 | O60: 0 | P60: 0 | Q60: 0 | R60: 0 | S60: 0 | T60: 0 | U60: 0 | V60: 0 | W60: 1
A61: 58 | B61: 3 | C61: Q1 | D61: 10:52 | E61: Michael Adarkwah Nti | F61: MADE 2 | G61: 2PT make | I61: 2 | J61: 1 | K61: 1 | L61: 0 | M61: 0 | N61: 0 | O61: 0 | P61: 0 | Q61: 0 | R61: 0 | S61: 0 | T61: 0 | U61: 0 | V61: 0 | W61: 0
A62: 59 | B62: 3 | C62: Q1 | D62: 10:52 | E62: Anthony Brady | F62: ASSIST | G62: Assist | I62: 0 | J62: 0 | K62: 0 | L62: 0 | M62: 0 | N62: 0 | O62: 0 | P62: 0 | Q62: 0 | R62: 1 | S62: 0 | T62: 0 | U62: 0 | V62: 0 | W62: 0
A63: 60 | B63: 3 | C63: Q1 | D63: 11:12 | E63: Michael Adarkwah Nti | F63: YOU | G63: YOU | I63: 0 | J63: 0 | K63: 0 | L63: 0 | M63: 0 | N63: 0 | O63: 0 | P63: 0 | Q63: 0 | R63: 0 | S63: 0 | T63: 0 | U63: 0 | V63: 0 | W63: 1
A64: 61 | B64: 3 | C64: Q1 | D64: 11:16 | E64: Anthony Brady | F64: D-BOARD | G64: Def. rebound | I64: 0 | J64: 0 | K64: 0 | L64: 0 | M64: 0 | N64: 0 | O64: 0 | P64: 0 | Q64: 1 | R64: 0 | S64: 0 | T64: 0 | U64: 0 | V64: 0 | W64: 0
A65: 62 | B65: 3 | C65: Q1 | D65: 11:20 | E65: Michael Adarkwah Nti | F65: PAINT TOUCH | G65: Paint touch | I65: 0 | J65: 0 | K65: 0 | L65: 0 | M65: 0 | N65: 0 | O65: 0 | P65: 0 | Q65: 0 | R65: 0 | S65: 0 | T65: 0 | U65: 0 | V65: 0 | W65: 2
A66: 63 | B66: 3 | C66: Q1 | D66: 11:20 | E66: Michael Adarkwah Nti | F66: RIGHT READ | G66: Right read | I66: 0 | J66: 0 | K66: 0 | L66: 0 | M66: 0 | N66: 0 | O66: 0 | P66: 0 | Q66: 0 | R66: 0 | S66: 0 | T66: 0 | U66: 0 | V66: 0 | W66: 1
A67: 64 | B67: 3 | C67: Q1 | D67: 11:22 | E67: Ty Lockwood | F67: MADE 2 | G67: 2PT make | I67: 2 | J67: 1 | K67: 1 | L67: 0 | M67: 0 | N67: 0 | O67: 0 | P67: 0 | Q67: 0 | R67: 0 | S67: 0 | T67: 0 | U67: 0 | V67: 0 | W67: 0
A68: 65 | B68: 3 | C68: Q1 | D68: 11:22 | E68: Michael Adarkwah Nti | F68: ASSIST | G68: Assist | I68: 0 | J68: 0 | K68: 0 | L68: 0 | M68: 0 | N68: 0 | O68: 0 | P68: 0 | Q68: 0 | R68: 1 | S68: 0 | T68: 0 | U68: 0 | V68: 0 | W68: 0
A69: 66 | B69: 3 | C69: Q1 | D69: 11:37 | E69: Will Zylyk | F69: STEAL | G69: Steal | I69: 0 | J69: 0 | K69: 0 | L69: 0 | M69: 0 | N69: 0 | O69: 0 | P69: 0 | Q69: 0 | R69: 0 | S69: 1 | T69: 0 | U69: 0 | V69: 0 | W69: 3
A70: 67 | B70: 3 | C70: Q1 | D70: 11:43 | E70: Will Zylyk | F70: TURNOVER | G70: Turnover (type not given) | H70: Turnover type not written | I70: 0 | J70: 0 | K70: 0 | L70: 0 | M70: 0 | N70: 0 | O70: 0 | P70: 0 | Q70: 0 | R70: 0 | S70: 0 | T70: 0 | U70: 1 | V70: 0 | W70: 0
A71: 68 | B71: 3 | C71: Q1 | D71: 12:00 | E71: Anthony Brady | F71: YOU | G71: YOU | I71: 0 | J71: 0 | K71: 0 | L71: 0 | M71: 0 | N71: 0 | O71: 0 | P71: 0 | Q71: 0 | R71: 0 | S71: 0 | T71: 0 | U71: 0 | V71: 0 | W71: 1
A72: 69 | B72: 3 | C72: Q1 | D72: 12:24 | E72: Michael Adarkwah Nti | F72: D-BOARD | G72: Def. rebound | I72: 0 | J72: 0 | K72: 0 | L72: 0 | M72: 0 | N72: 0 | O72: 0 | P72: 0 | Q72: 1 | R72: 0 | S72: 0 | T72: 0 | U72: 0 | V72: 0 | W72: 0
A73: 70 | B73: 3 | C73: Q1 | D73: 12:32 | E73: Ty Lockwood | F73: UPCYCLE | G73: Upcycle | I73: 0 | J73: 0 | K73: 0 | L73: 0 | M73: 0 | N73: 0 | O73: 0 | P73: 0 | Q73: 0 | R73: 0 | S73: 0 | T73: 0 | U73: 0 | V73: 0 | W73: 1
A74: 71 | B74: 3 | C74: Q1 | D74: 12:36 | E74: Michael Adarkwah Nti | F74: PAINT TOUCH | G74: Paint touch | I74: 0 | J74: 0 | K74: 0 | L74: 0 | M74: 0 | N74: 0 | O74: 0 | P74: 0 | Q74: 0 | R74: 0 | S74: 0 | T74: 0 | U74: 0 | V74: 0 | W74: 2
A75: 72 | B75: 4 | C75: Q1 | D75: 13:03 | E75: Anthony Brady | F75: MISSED 3 | G75: 3PT miss | I75: 0 | J75: 0 | K75: 1 | L75: 0 | M75: 1 | N75: 0 | O75: 0 | P75: 0 | Q75: 0 | R75: 0 | S75: 0 | T75: 0 | U75: 0 | V75: 0 | W75: 0
A76: 73 | B76: 4 | C76: Q1 | D76: 13:06 | E76: Ty Lockwood | F76: TIP | G76: Tip | I76: 0 | J76: 0 | K76: 0 | L76: 0 | M76: 0 | N76: 0 | O76: 0 | P76: 0 | Q76: 0 | R76: 0 | S76: 0 | T76: 0 | U76: 0 | V76: 0 | W76: 1
A77: 74 | B77: 4 | C77: Q1 | D77: 13:07 | E77: Tarun Saroya | F77: O-BOARD | G77: Off. rebound | I77: 0 | J77: 0 | K77: 0 | L77: 0 | M77: 0 | N77: 0 | O77: 0 | P77: 1 | Q77: 0 | R77: 0 | S77: 0 | T77: 0 | U77: 0 | V77: 0 | W77: 3
A78: 75 | B78: 4 | C78: Q1 | D78: 13:08 | E78: Tarun Saroya | F78: TO | G78: Turnover (type not given) | H78: Turnover type not written | I78: 0 | J78: 0 | K78: 0 | L78: 0 | M78: 0 | N78: 0 | O78: 0 | P78: 0 | Q78: 0 | R78: 0 | S78: 0 | T78: 0 | U78: 1 | V78: 0 | W78: 0
A79: 76 | B79: 4 | C79: Q1 | D79: 13:14 | E79: Michael Adarkwah Nti | F79: DEFLECTION | G79: Tip | I79: 0 | J79: 0 | K79: 0 | L79: 0 | M79: 0 | N79: 0 | O79: 0 | P79: 0 | Q79: 0 | R79: 0 | S79: 0 | T79: 0 | U79: 0 | V79: 0 | W79: 1
A80: 77 | B80: 4 | C80: Q1 | D80: 14:08 | E80: Tarun Saroya | F80: DEFLECTION (TIP crossed out) | G80: Tip | I80: 0 | J80: 0 | K80: 0 | L80: 0 | M80: 0 | N80: 0 | O80: 0 | P80: 0 | Q80: 0 | R80: 0 | S80: 0 | T80: 0 | U80: 0 | V80: 0 | W80: 1
A81: 78 | B81: 4 | C81: Q1 | D81: 14:29 | E81: Tarun Saroya | F81: STEAL | G81: Steal | I81: 0 | J81: 0 | K81: 0 | L81: 0 | M81: 0 | N81: 0 | O81: 0 | P81: 0 | Q81: 0 | R81: 0 | S81: 1 | T81: 0 | U81: 0 | V81: 0 | W81: 3
A82: 79 | B82: 4 | C82: Q1 | D82: 14:32 | E82: Tarun Saroya | F82: MISSED 2 | G82: 2PT miss | I82: 0 | J82: 0 | K82: 1 | L82: 0 | M82: 0 | N82: 0 | O82: 0 | P82: 0 | Q82: 0 | R82: 0 | S82: 0 | T82: 0 | U82: 0 | V82: 0 | W82: 0
A83: 80 | B83: 4 | C83: Q1 | D83: 14:49 | E83: Enrique Garcia | F83: TO | G83: Turnover (type not given) | H83: Turnover type not written | I83: 0 | J83: 0 | K83: 0 | L83: 0 | M83: 0 | N83: 0 | O83: 0 | P83: 0 | Q83: 0 | R83: 0 | S83: 0 | T83: 0 | U83: 1 | V83: 0 | W83: 0
A84: 81 | B84: 4 | C84: Q1 | D84: 15:04 | E84: Enrique Garcia | F84: DEFLECTION | G84: Tip | I84: 0 | J84: 0 | K84: 0 | L84: 0 | M84: 0 | N84: 0 | O84: 0 | P84: 0 | Q84: 0 | R84: 0 | S84: 0 | T84: 0 | U84: 0 | V84: 0 | W84: 1
A85: 82 | B85: 4 | C85: Q1 | D85: 16:11 | E85: Ty Lockwood | F85: TURNOVER | G85: Turnover (type not given) | H85: Turnover type not written | I85: 0 | J85: 0 | K85: 0 | L85: 0 | M85: 0 | N85: 0 | O85: 0 | P85: 0 | Q85: 0 | R85: 0 | S85: 0 | T85: 0 | U85: 1 | V85: 0 | W85: 0
A86: 83 | B86: 4 | C86: Q1 | D86: 16:50 | E86: Lamine Conde | F86: PAINT TOUCH IN 6 | G86: Paint touch in 6 | I86: 0 | J86: 0 | K86: 0 | L86: 0 | M86: 0 | N86: 0 | O86: 0 | P86: 0 | Q86: 0 | R86: 0 | S86: 0 | T86: 0 | U86: 0 | V86: 0 | W86: 3
A87: 84 | B87: 4 | C87: Q1 | D87: 16:51 | E87: Lamine Conde | F87: TURNOVER | G87: Turnover (type not given) | H87: Turnover type not written. First digits smudged; read as 16:51 | I87: 0 | J87: 0 | K87: 0 | L87: 0 | M87: 0 | N87: 0 | O87: 0 | P87: 0 | Q87: 0 | R87: 0 | S87: 0 | T87: 0 | U87: 1 | V87: 0 | W87: 0
A88: 85 | B88: 4 | C88: Q1 | D88: 17:23 | E88: Dom Zaino | F88: DEFLECTION | G88: Tip | I88: 0 | J88: 0 | K88: 0 | L88: 0 | M88: 0 | N88: 0 | O88: 0 | P88: 0 | Q88: 0 | R88: 0 | S88: 0 | T88: 0 | U88: 0 | V88: 0 | W88: 1
A89: 86 | B89: 4 | C89: Q1 | D89: 17:23 | E89: Lamine Conde | F89: O-BOARD | G89: Off. rebound | I89: 0 | J89: 0 | K89: 0 | L89: 0 | M89: 0 | N89: 0 | O89: 0 | P89: 1 | Q89: 0 | R89: 0 | S89: 0 | T89: 0 | U89: 0 | V89: 0 | W89: 3
A90: 87 | B90: 4 | C90: Q1 | D90: 17:31 | E90: Lamine Conde | F90: PULL UP 3. MISS | G90: 3PT miss (Off-dribble 3, Bronze) | I90: 0 | J90: 0 | K90: 1 | L90: 0 | M90: 1 | N90: 0 | O90: 0 | P90: 0 | Q90: 0 | R90: 0 | S90: 0 | T90: 0 | U90: 0 | V90: 0 | W90: 0
A91: 88 | B91: 4 | C91: Q1 | D91: 18:56 | E91: Michael Adarkwah Nti | F91: PAINT TOUCH | G91: Paint touch | I91: 0 | J91: 0 | K91: 0 | L91: 0 | M91: 0 | N91: 0 | O91: 0 | P91: 0 | Q91: 0 | R91: 0 | S91: 0 | T91: 0 | U91: 0 | V91: 0 | W91: 2
A92: 89 | B92: 4 | C92: Q1 | D92: 19:00 | E92: Lamine Conde | F92: CORNER 3 MISS | G92: 3PT miss | H92: Shot type not graded: say catch and shoot or off the dribble if you know | I92: 0 | J92: 0 | K92: 1 | L92: 0 | M92: 1 | N92: 0 | O92: 0 | P92: 0 | Q92: 0 | R92: 0 | S92: 0 | T92: 0 | U92: 0 | V92: 0 | W92: 0
A93: 90 | B93: 4 | C93: Q1 | D93: 19:03 | E93: Tylen Lewis | F93: TIP | G93: Tip | I93: 0 | J93: 0 | K93: 0 | L93: 0 | M93: 0 | N93: 0 | O93: 0 | P93: 0 | Q93: 0 | R93: 0 | S93: 0 | T93: 0 | U93: 0 | V93: 0 | W93: 1
A94: 91 | B94: 4 | C94: Q1 | D94: 19:07 | E94: Enrique Garcia | F94: BLOCK | G94: Block | I94: 0 | J94: 0 | K94: 0 | L94: 0 | M94: 0 | N94: 0 | O94: 0 | P94: 0 | Q94: 0 | R94: 0 | S94: 0 | T94: 1 | U94: 0 | V94: 0 | W94: 1
A95: 92 | B95: 4 | C95: Q1 | D95: 19:13 | E95: Enrique Garcia | F95: PAINT TOUCH IN 6 | G95: Paint touch in 6 | I95: 0 | J95: 0 | K95: 0 | L95: 0 | M95: 0 | N95: 0 | O95: 0 | P95: 0 | Q95: 0 | R95: 0 | S95: 0 | T95: 0 | U95: 0 | V95: 0 | W95: 3
A96: 93 | B96: 4 | C96: Q1 | D96: 19:15 | E96: Enrique Garcia | F96: RIGHT READ | G96: Right read | I96: 0 | J96: 0 | K96: 0 | L96: 0 | M96: 0 | N96: 0 | O96: 0 | P96: 0 | Q96: 0 | R96: 0 | S96: 0 | T96: 0 | U96: 0 | V96: 0 | W96: 1
A97: 94 | B97: 4 | C97: Q1 | D97: 19:16 | E97: Dom Zaino | F97: MADE 2 | G97: 2PT make | I97: 2 | J97: 1 | K97: 1 | L97: 0 | M97: 0 | N97: 0 | O97: 0 | P97: 0 | Q97: 0 | R97: 0 | S97: 0 | T97: 0 | U97: 0 | V97: 0 | W97: 0
A98: 95 | B98: 5 | C98: Q1 | D98: 19:16 | E98: Enrique Garcia | F98: ASSIST | G98: Assist | I98: 0 | J98: 0 | K98: 0 | L98: 0 | M98: 0 | N98: 0 | O98: 0 | P98: 0 | Q98: 0 | R98: 1 | S98: 0 | T98: 0 | U98: 0 | V98: 0 | W98: 0
A99: 96 | B99: 5 | C99: Q1 | D99: 19:32 | E99: Dom Zaino | F99: D-BOARD | G99: Def. rebound | I99: 0 | J99: 0 | K99: 0 | L99: 0 | M99: 0 | N99: 0 | O99: 0 | P99: 0 | Q99: 1 | R99: 0 | S99: 0 | T99: 0 | U99: 0 | V99: 0 | W99: 0
A100: 97 | B100: 5 | C100: Q2 | D100: 22:57 | E100: Lamine Conde | F100: PAINT TOUCH | G100: Paint touch | H100: Q2 starts here in the notes. A crossed-out 22:58 line follows. | I100: 0 | J100: 0 | K100: 0 | L100: 0 | M100: 0 | N100: 0 | O100: 0 | P100: 0 | Q100: 0 | R100: 0 | S100: 0 | T100: 0 | U100: 0 | V100: 0 | W100: 2
A101: 98 | B101: 5 | C101: Q2 | D101: 23:17 | E101: Lamine Conde | F101: MADE FT | G101: FT make | I101: 1 | J101: 0 | K101: 0 | L101: 0 | M101: 0 | N101: 1 | O101: 1 | P101: 0 | Q101: 0 | R101: 0 | S101: 0 | T101: 0 | U101: 0 | V101: 0 | W101: 0
A102: 99 | B102: 5 | C102: Q2 | D102: 23:31 | E102: Lamine Conde | F102: MISSED FT | G102: FT miss | I102: 0 | J102: 0 | K102: 0 | L102: 0 | M102: 0 | N102: 0 | O102: 1 | P102: 0 | Q102: 0 | R102: 0 | S102: 0 | T102: 0 | U102: 0 | V102: 0 | W102: 0
A103: 100 | B103: 5 | C103: Q2 | D103: 23:57 | E103: Lamine Conde | F103: PT | G103: Paint touch | I103: 0 | J103: 0 | K103: 0 | L103: 0 | M103: 0 | N103: 0 | O103: 0 | P103: 0 | Q103: 0 | R103: 0 | S103: 0 | T103: 0 | U103: 0 | V103: 0 | W103: 2
A104: 101 | B104: 5 | C104: Q2 | D104: 23:57 | E104: Lamine Conde | F104: MISSED 2 PT | G104: 2PT miss | I104: 0 | J104: 0 | K104: 1 | L104: 0 | M104: 0 | N104: 0 | O104: 0 | P104: 0 | Q104: 0 | R104: 0 | S104: 0 | T104: 0 | U104: 0 | V104: 0 | W104: 0
A105: 102 | B105: 5 | C105: Q2 | D105: 24:00 | E105: Tylen Lewis | F105: O-BOARD | G105: Off. rebound | I105: 0 | J105: 0 | K105: 0 | L105: 0 | M105: 0 | N105: 0 | O105: 0 | P105: 1 | Q105: 0 | R105: 0 | S105: 0 | T105: 0 | U105: 0 | V105: 0 | W105: 3
A106: 103 | B106: 5 | C106: Q2 | D106: 24:04 | E106: Isaak Moore | F106: MISSED 2 | G106: 2PT miss | I106: 0 | J106: 0 | K106: 1 | L106: 0 | M106: 0 | N106: 0 | O106: 0 | P106: 0 | Q106: 0 | R106: 0 | S106: 0 | T106: 0 | U106: 0 | V106: 0 | W106: 0
A107: 104 | B107: 5 | C107: Q2 | D107: 24:12 | E107: Isaak Moore | F107: DEFLECTION | G107: Tip | I107: 0 | J107: 0 | K107: 0 | L107: 0 | M107: 0 | N107: 0 | O107: 0 | P107: 0 | Q107: 0 | R107: 0 | S107: 0 | T107: 0 | U107: 0 | V107: 0 | W107: 1
...

Sheet Totals
A1: Player totals from the master list (formulas)
A2: EFF = PTS + REB + AST + STL + BLK − missed FG − missed FT − TOV. Combined = EFF + HVP × 1/3 (steals, blocks and offensive rebounds count as HVP automatically).
A3: Player | B3: PTS | C3: FGM | D3: FGA | E3: 3PM | F3: 3PA | G3: FTM | H3: FTA | I3: OREB | J3: DREB | K3: AST | L3: STL | M3: BLK | N3: TOV | O3: PF | P3: REB | Q3: EFF | R3: Raw HVP | S3: Adj HVP | T3: Combined
A4: Michael Adarkwah Nti | B4: =SUMIF('Master list'!$E$4:$E$185,$A4,'Master list'!I$4:I$185) -> 6 | C4: =SUMIF('Master list'!$E$4:$E$185,$A4,'Master list'!J$4:J$185) -> 2 | D4: =SUMIF('Master list'!$E$4:$E$185,$A4,'Master list'!K$4:K$185) -> 3 | E4: =SUMIF('Master list'!$E$4:$E$185,$A4,'Master list'!L$4:L$185) -> 0 | F4: =SUMIF('Master list'!$E$4:$E$185,$A4,'Master list'!M$4:M$185) -> 0 | G4: =SUMIF('Master list'!$E$4:$E$185,$A4,'Master list'!N$4:N$185) -> 2 | H4: =SUMIF('Master list'!$E$4:$E$185,$A4,'Master list'!O$4:O$185) -> 3 | I4: =SUMIF('Master list'!$E$4:$E$185,$A4,'Master list'!P$4:P$185) -> 0 | ... O4: =SUMIF('Master list'!$E$4:$E$185,$A4,'Master list'!V$4:V$185) -> 1 | P4: =I4+J4 -> 4 | Q4: =B4+P4+K4+L4+M4-(D4-C4)-(H4-G4)-N4 -> 16 | R4: =SUMIF('Master list'!$E$4:$E$185,$A4,'Master list'!W$4:W$185) -> 37 | S4: =R4/3 -> 12.333333 | T4: =Q4+S4 -> 28.333333
A5: Lamine Conde | B5: =SUMIF('Master list'!$E$4:$E$185,$A5,'Master list'!I$4:I$185) -> 6 | C5: =SUMIF('Master list'!$E$4:$E$185,$A5,'Master list'!J$4:J$185) -> 1 | D5: =SUMIF('Master list'!$E$4:$E$185,$A5,'Master list'!K$4:K$185) -> 8 | E5: =SUMIF('Master list'!$E$4:$E$185,$A5,'Master list'!L$4:L$185) -> 0 | F5: =SUMIF('Master list'!$E$4:$E$185,$A5,'Master list'!M$4:M$185) -> 3 | G5: =SUMIF('Master list'!$E$4:$E$185,$A5,'Master list'!N$4:N$185) -> 4 | H5: =SUMIF('Master list'!$E$4:$E$185,$A5,'Master list'!O$4:O$185) -> 5 | I5: =SUMIF('Master list'!$E$4:$E$185,$A5,'Master list'!P$4:P$185) -> 1 | ... O5: =SUMIF('Master list'!$E$4:$E$185,$A5,'Master list'!V$4:V$185) -> 1 | P5: =I5+J5 -> 3 | Q5: =B5+P5+K5+L5+M5-(D5-C5)-(H5-G5)-N5 -> -1 | R5: =SUMIF('Master list'!$E$4:$E$185,$A5,'Master list'!W$4:W$185) -> 20 | S5: =R5/3 -> 6.6666667 | T5: =Q5+S5 -> 5.6666667
A6: Anthony Brady | B6: =SUMIF('Master list'!$E$4:$E$185,$A6,'Master list'!I$4:I$185) -> 2 | C6: =SUMIF('Master list'!$E$4:$E$185,$A6,'Master list'!J$4:J$185) -> 0 | D6: =SUMIF('Master list'!$E$4:$E$185,$A6,'Master list'!K$4:K$185) -> 1 | E6: =SUMIF('Master list'!$E$4:$E$185,$A6,'Master list'!L$4:L$185) -> 0 | F6: =SUMIF('Master list'!$E$4:$E$185,$A6,'Master list'!M$4:M$185) -> 1 | G6: =SUMIF('Master list'!$E$4:$E$185,$A6,'Master list'!N$4:N$185) -> 2 | H6: =SUMIF('Master list'!$E$4:$E$185,$A6,'Master list'!O$4:O$185) -> 2 | I6: =SUMIF('Master list'!$E$4:$E$185,$A6,'Master list'!P$4:P$185) -> 1 | ... O6: =SUMIF('Master list'!$E$4:$E$185,$A6,'Master list'!V$4:V$185) -> 0 | P6: =I6+J6 -> 3 | Q6: =B6+P6+K6+L6+M6-(D6-C6)-(H6-G6)-N6 -> 6 | R6: =SUMIF('Master list'!$E$4:$E$185,$A6,'Master list'!W$4:W$185) -> 15 | S6: =R6/3 -> 5 | T6: =Q6+S6 -> 11
A7: Isaak Moore | B7: =SUMIF('Master list'!$E$4:$E$185,$A7,'Master list'!I$4:I$185) -> 7 | C7: =SUMIF('Master list'!$E$4:$E$185,$A7,'Master list'!J$4:J$185) -> 3 | D7: =SUMIF('Master list'!$E$4:$E$185,$A7,'Master list'!K$4:K$185) -> 6 | E7: =SUMIF('Master list'!$E$4:$E$185,$A7,'Master list'!L$4:L$185) -> 1 | F7: =SUMIF('Master list'!$E$4:$E$185,$A7,'Master list'!M$4:M$185) -> 3 | G7: =SUMIF('Master list'!$E$4:$E$185,$A7,'Master list'!N$4:N$185) -> 0 | H7: =SUMIF('Master list'!$E$4:$E$185,$A7,'Master list'!O$4:O$185) -> 0 | I7: =SUMIF('Master list'!$E$4:$E$185,$A7,'Master list'!P$4:P$185) -> 0 | ... O7: =SUMIF('Master list'!$E$4:$E$185,$A7,'Master list'!V$4:V$185) -> 0 | P7: =I7+J7 -> 0 | Q7: =B7+P7+K7+L7+M7-(D7-C7)-(H7-G7)-N7 -> 5 | R7: =SUMIF('Master list'!$E$4:$E$185,$A7,'Master list'!W$4:W$185) -> 12 | S7: =R7/3 -> 4 | T7: =Q7+S7 -> 9
A8: Mathias Schertzer | B8: =SUMIF('Master list'!$E$4:$E$185,$A8,'Master list'!I$4:I$185) -> 4 | C8: =SUMIF('Master list'!$E$4:$E$185,$A8,'Master list'!J$4:J$185) -> 2 | D8: =SUMIF('Master list'!$E$4:$E$185,$A8,'Master list'!K$4:K$185) -> 3 | E8: =SUMIF('Master list'!$E$4:$E$185,$A8,'Master list'!L$4:L$185) -> 0 | F8: =SUMIF('Master list'!$E$4:$E$185,$A8,'Master list'!M$4:M$185) -> 0 | G8: =SUMIF('Master list'!$E$4:$E$185,$A8,'Master list'!N$4:N$185) -> 0 | H8: =SUMIF('Master list'!$E$4:$E$185,$A8,'Master list'!O$4:O$185) -> 0 | I8: =SUMIF('Master list'!$E$4:$E$185,$A8,'Master list'!P$4:P$185) -> 1 | ... O8: =SUMIF('Master list'!$E$4:$E$185,$A8,'Master list'!V$4:V$185) -> 0 | P8: =I8+J8 -> 2 | Q8: =B8+P8+K8+L8+M8-(D8-C8)-(H8-G8)-N8 -> 4 | R8: =SUMIF('Master list'!$E$4:$E$185,$A8,'Master list'!W$4:W$185) -> 16 | S8: =R8/3 -> 5.3333333 | T8: =Q8+S8 -> 9.3333333
A9: Enrique Garcia | B9: =SUMIF('Master list'!$E$4:$E$185,$A9,'Master list'!I$4:I$185) -> 0 | C9: =SUMIF('Master list'!$E$4:$E$185,$A9,'Master list'!J$4:J$185) -> 0 | D9: =SUMIF('Master list'!$E$4:$E$185,$A9,'Master list'!K$4:K$185) -> 0 | E9: =SUMIF('Master list'!$E$4:$E$185,$A9,'Master list'!L$4:L$185) -> 0 | F9: =SUMIF('Master list'!$E$4:$E$185,$A9,'Master list'!M$4:M$185) -> 0 | G9: =SUMIF('Master list'!$E$4:$E$185,$A9,'Master list'!N$4:N$185) -> 0 | H9: =SUMIF('Master list'!$E$4:$E$185,$A9,'Master list'!O$4:O$185) -> 0 | I9: =SUMIF('Master list'!$E$4:$E$185,$A9,'Master list'!P$4:P$185) -> 0 | ... O9: =SUMIF('Master list'!$E$4:$E$185,$A9,'Master list'!V$4:V$185) -> 0 | P9: =I9+J9 -> 0 | Q9: =B9+P9+K9+L9+M9-(D9-C9)-(H9-G9)-N9 -> 2 | R9: =SUMIF('Master list'!$E$4:$E$185,$A9,'Master list'!W$4:W$185) -> 12 | S9: =R9/3 -> 4 | T9: =Q9+S9 -> 6
A10: Tylen Lewis | B10: =SUMIF('Master list'!$E$4:$E$185,$A10,'Master list'!I$4:I$185) -> 2 | C10: =SUMIF('Master list'!$E$4:$E$185,$A10,'Master list'!J$4:J$185) -> 1 | D10: =SUMIF('Master list'!$E$4:$E$185,$A10,'Master list'!K$4:K$185) -> 4 | E10: =SUMIF('Master list'!$E$4:$E$185,$A10,'Master list'!L$4:L$185) -> 0 | F10: =SUMIF('Master list'!$E$4:$E$185,$A10,'Master list'!M$4:M$185) -> 1 | G10: =SUMIF('Master list'!$E$4:$E$185,$A10,'Master list'!N$4:N$185) -> 0 | H10: =SUMIF('Master list'!$E$4:$E$185,$A10,'Master list'!O$4:O$185) -> 0 | I10: =SUMIF('Master list'!$E$4:$E$185,$A10,'Master list'!P$4:P$185) -> 1 | ... O10: =SUMIF('Master list'!$E$4:$E$185,$A10,'Master list'!V$4:V$185) -> 0 | P10: =I10+J10 -> 1 | Q10: =B10+P10+K10+L10+M10-(D10-C10)-(H10-G10)-N10 -> -1 | R10: =SUMIF('Master list'!$E$4:$E$185,$A10,'Master list'!W$4:W$185) -> 10 | S10: =R10/3 -> 3.3333333 | T10: =Q10+S10 -> 2.3333333
A11: Will Zylyk | B11: =SUMIF('Master list'!$E$4:$E$185,$A11,'Master list'!I$4:I$185) -> 5 | C11: =SUMIF('Master list'!$E$4:$E$185,$A11,'Master list'!J$4:J$185) -> 2 | D11: =SUMIF('Master list'!$E$4:$E$185,$A11,'Master list'!K$4:K$185) -> 3 | E11: =SUMIF('Master list'!$E$4:$E$185,$A11,'Master list'!L$4:L$185) -> 1 | F11: =SUMIF('Master list'!$E$4:$E$185,$A11,'Master list'!M$4:M$185) -> 1 | G11: =SUMIF('Master list'!$E$4:$E$185,$A11,'Master list'!N$4:N$185) -> 0 | H11: =SUMIF('Master list'!$E$4:$E$185,$A11,'Master list'!O$4:O$185) -> 0 | I11: =SUMIF('Master list'!$E$4:$E$185,$A11,'Master list'!P$4:P$185) -> 1 | ... O11: =SUMIF('Master list'!$E$4:$E$185,$A11,'Master list'!V$4:V$185) -> 2 | P11: =I11+J11 -> 1 | Q11: =B11+P11+K11+L11+M11-(D11-C11)-(H11-G11)-N11 -> 6 | R11: =SUMIF('Master list'!$E$4:$E$185,$A11,'Master list'!W$4:W$185) -> 12 | S11: =R11/3 -> 4 | T11: =Q11+S11 -> 10
A12: Tarun Saroya | B12: =SUMIF('Master list'!$E$4:$E$185,$A12,'Master list'!I$4:I$185) -> 1 | C12: =SUMIF('Master list'!$E$4:$E$185,$A12,'Master list'!J$4:J$185) -> 0 | D12: =SUMIF('Master list'!$E$4:$E$185,$A12,'Master list'!K$4:K$185) -> 2 | E12: =SUMIF('Master list'!$E$4:$E$185,$A12,'Master list'!L$4:L$185) -> 0 | F12: =SUMIF('Master list'!$E$4:$E$185,$A12,'Master list'!M$4:M$185) -> 1 | G12: =SUMIF('Master list'!$E$4:$E$185,$A12,'Master list'!N$4:N$185) -> 1 | H12: =SUMIF('Master list'!$E$4:$E$185,$A12,'Master list'!O$4:O$185) -> 2 | I12: =SUMIF('Master list'!$E$4:$E$185,$A12,'Master list'!P$4:P$185) -> 1 | ... O12: =SUMIF('Master list'!$E$4:$E$185,$A12,'Master list'!V$4:V$185) -> 1 | P12: =I12+J12 -> 1 | Q12: =B12+P12+K12+L12+M12-(D12-C12)-(H12-G12)-N12 -> -2 | R12: =SUMIF('Master list'!$E$4:$E$185,$A12,'Master list'!W$4:W$185) -> 12 | S12: =R12/3 -> 4 | T12: =Q12+S12 -> 2
A13: Ty Lockwood | B13: =SUMIF('Master list'!$E$4:$E$185,$A13,'Master list'!I$4:I$185) -> 2 | C13: =SUMIF('Master list'!$E$4:$E$185,$A13,'Master list'!J$4:J$185) -> 1 | D13: =SUMIF('Master list'!$E$4:$E$185,$A13,'Master list'!K$4:K$185) -> 1 | E13: =SUMIF('Master list'!$E$4:$E$185,$A13,'Master list'!L$4:L$185) -> 0 | F13: =SUMIF('Master list'!$E$4:$E$185,$A13,'Master list'!M$4:M$185) -> 0 | G13: =SUMIF('Master list'!$E$4:$E$185,$A13,'Master list'!N$4:N$185) -> 0 | H13: =SUMIF('Master list'!$E$4:$E$185,$A13,'Master list'!O$4:O$185) -> 0 | I13: =SUMIF('Master list'!$E$4:$E$185,$A13,'Master list'!P$4:P$185) -> 0 | ... O13: =SUMIF('Master list'!$E$4:$E$185,$A13,'Master list'!V$4:V$185) -> 0 | P13: =I13+J13 -> 0 | Q13: =B13+P13+K13+L13+M13-(D13-C13)-(H13-G13)-N13 -> 2 | R13: =SUMIF('Master list'!$E$4:$E$185,$A13,'Master list'!W$4:W$185) -> 6 | S13: =R13/3 -> 2 | T13: =Q13+S13 -> 4
A14: Dom Zaino | B14: =SUMIF('Master list'!$E$4:$E$185,$A14,'Master list'!I$4:I$185) -> 2 | C14: =SUMIF('Master list'!$E$4:$E$185,$A14,'Master list'!J$4:J$185) -> 1 | D14: =SUMIF('Master list'!$E$4:$E$185,$A14,'Master list'!K$4:K$185) -> 1 | E14: =SUMIF('Master list'!$E$4:$E$185,$A14,'Master list'!L$4:L$185) -> 0 | F14: =SUMIF('Master list'!$E$4:$E$185,$A14,'Master list'!M$4:M$185) -> 0 | G14: =SUMIF('Master list'!$E$4:$E$185,$A14,'Master list'!N$4:N$185) -> 0 | H14: =SUMIF('Master list'!$E$4:$E$185,$A14,'Master list'!O$4:O$185) -> 0 | I14: =SUMIF('Master list'!$E$4:$E$185,$A14,'Master list'!P$4:P$185) -> 0 | ... O14: =SUMIF('Master list'!$E$4:$E$185,$A14,'Master list'!V$4:V$185) -> 0 | P14: =I14+J14 -> 1 | Q14: =B14+P14+K14+L14+M14-(D14-C14)-(H14-G14)-N14 -> 3 | R14: =SUMIF('Master list'!$E$4:$E$185,$A14,'Master list'!W$4:W$185) -> 2 | S14: =R14/3 -> 0.66666667 | T14: =Q14+S14 -> 3.6666667
A15: Ariel Tsaiger | B15: =SUMIF('Master list'!$E$4:$E$185,$A15,'Master list'!I$4:I$185) -> 0 | C15: =SUMIF('Master list'!$E$4:$E$185,$A15,'Master list'!J$4:J$185) -> 0 | D15: =SUMIF('Master list'!$E$4:$E$185,$A15,'Master list'!K$4:K$185) -> 0 | E15: =SUMIF('Master list'!$E$4:$E$185,$A15,'Master list'!L$4:L$185) -> 0 | F15: =SUMIF('Master list'!$E$4:$E$185,$A15,'Master list'!M$4:M$185) -> 0 | G15: =SUMIF('Master list'!$E$4:$E$185,$A15,'Master list'!N$4:N$185) -> 0 | H15: =SUMIF('Master list'!$E$4:$E$185,$A15,'Master list'!O$4:O$185) -> 0 | I15: =SUMIF('Master list'!$E$4:$E$185,$A15,'Master list'!P$4:P$185) -> 0 | ... O15: =SUMIF('Master list'!$E$4:$E$185,$A15,'Master list'!V$4:V$185) -> 1 | P15: =I15+J15 -> 1 | Q15: =B15+P15+K15+L15+M15-(D15-C15)-(H15-G15)-N15 -> 1 | R15: =SUMIF('Master list'!$E$4:$E$185,$A15,'Master list'!W$4:W$185) -> 3 | S15: =R15/3 -> 1 | T15: =Q15+S15 -> 2
A16: Team | B16: =SUM(B4:B15) -> 37 | C16: =SUM(C4:C15) -> 13 | D16: =SUM(D4:D15) -> 32 | E16: =SUM(E4:E15) -> 2 | F16: =SUM(F4:F15) -> 10 | G16: =SUM(G4:G15) -> 9 | H16: =SUM(H4:H15) -> 12 | I16: =SUM(I4:I15) -> 6 | ... T16: =SUM(T4:T15) -> 93.333333
